year,valuation_low_billion,valuation_high_billion,notes
2025,50,60,Launch window capitalized with strategic sovereign partnerships
2026,70,85,Expansion into orbital datacenter leases and defense workloads
2027,90,110,Hybrid quantum-economic services reach full commercial availability
2028,115,140,Entanglement exchange markets open to regulated finance consortium
2029,135,160,Iterative Î¦_QEVF optimizations lift revenue flux in Asia-Pacific
2030,150,180,Global logistics and climate modelling lines cross $150B ARR equivalent
2031,210,250,Long-term government contracts secured; quantum cloud reach 12 regions
2032,260,310,Quantum derivatives clearinghouse and critical infrastructure wins
2033,320,370,Integrated photonic supply chain monetization accelerates margins
2034,360,420,Majority share in defense-grade quantum secure communications
2035,400,460,Entanglement-as-a-service dominates; pre-revenue valuation above $400B
